{
  "version": "1.0.0",
  "config": {
    "learningRate": 0.1,
    "gamma": 0.99,
    "explorationDecayType": "exponential",
    "numActions": 8
  },
  "qTable": {
    "fstate_4gfz7k": {
      "qValues": [
        6.17126989364624,
        0,
        0,
        0,
        0,
        0,
        0,
        0
      ],
      "visits": 32008
    }
  },
  "stats": {
    "stepCount": 1000,
    "updateCount": 1000,
    "avgTDError": 2.636398631588852,
    "epsilon": 0.6346478335001402
  },
  "metadata": {
    "savedAt": "2026-02-04T04:16:43.445Z",
    "totalExperiences": 1000
  }
}